Tarih	Siralama	Konu/Soru	Sinav	Ders	Alan	Konu ID
14.09.2026	1	Konu & Soru	TYT	Matematik	tyt-matematik-denklem-ve-esitsizlikler	tyt-matematik-denklem-ve-esitsizlikler-temel-kavramlar
14.09.2026	1	Konu & Soru	TYT	Matematik	tyt-matematik-denklem-ve-esitsizlikler	tyt-matematik-denklem-ve-esitsizlikler-tek-cift-sayilar-ve-isaret-incelemesi
14.09.2026	2	Konu & Soru	TYT	Fizik	tyt-fizik-fizik-bilimine-giris	tyt-fizik-fizik-bilimine-giris-fizik-biliminin-tanimi-ve-diger-disiplinlerle-iliskisi
14.09.2026	2	Konu & Soru	TYT	Fizik	tyt-fizik-fizik-bilimine-giris	tyt-fizik-fizik-bilimine-giris-fizik-biliminin-alt-dallari
14.09.2026	2	Konu & Soru	TYT	Fizik	tyt-fizik-fizik-bilimine-giris	tyt-fizik-fizik-bilimine-giris-fiziksel-niceliklerin-siniflandirilmasi
14.09.2026	2	Konu & Soru	TYT	Fizik	tyt-fizik-fizik-bilimine-giris	tyt-fizik-fizik-bilimine-giris-bilimsel-arastirma-merkezleri-ve-bilimsel-etik
14.09.2026	3	Konu & Soru	AYT	Matematik	ayt-matematik-ucgenler	ayt-matematik-ucgenler-duzlemde-aci
14.09.2026	4	Konu & Soru	AYT	Fizik	ayt-fizik-atom-fizigine-giris-ve-radyoaktivite	ayt-fizik-atom-fizigine-giris-ve-radyoaktivite-thomson-ve-rutherford-atom-modelleri
14.09.2026	4	Konu & Soru	AYT	Fizik	ayt-fizik-atom-fizigine-giris-ve-radyoaktivite	ayt-fizik-atom-fizigine-giris-ve-radyoaktivite-bohr-atom-modelinin-temel-kavramlari
14.09.2026	4	Konu & Soru	AYT	Fizik	ayt-fizik-atom-fizigine-giris-ve-radyoaktivite	ayt-fizik-atom-fizigine-giris-ve-radyoaktivite-atomun-uyarilmasi
14.09.2026	4	Konu & Soru	AYT	Fizik	ayt-fizik-atom-fizigine-giris-ve-radyoaktivite	ayt-fizik-atom-fizigine-giris-ve-radyoaktivite-modern-atom-teorisine-giris
14.09.2026	5	Konu & Soru	TYT	Türkçe	tyt-turkce-anlam-bilgisi	tyt-turkce-anlam-bilgisi-sozcukte-anlam-ozelligi
15.09.2026	1	Konu & Soru	TYT	Matematik	tyt-matematik-denklem-ve-esitsizlikler	tyt-matematik-denklem-ve-esitsizlikler-ardisik-sayilar
15.09.2026	1	Konu & Soru	TYT	Matematik	tyt-matematik-denklem-ve-esitsizlikler	tyt-matematik-denklem-ve-esitsizlikler-faktoriyel
15.09.2026	2	Konu & Soru	TYT	Kimya	tyt-kimya-kimya-bilimi	tyt-kimya-kimya-bilimi-simyadan-kimyaya
15.09.2026	2	Konu & Soru	TYT	Kimya	tyt-kimya-kimya-bilimi	tyt-kimya-kimya-bilimi-kimya-disiplinleri-ve-kimyacilarin-calisma-alanlari
15.09.2026	2	Konu & Soru	TYT	Kimya	tyt-kimya-kimya-bilimi	tyt-kimya-kimya-bilimi-kimyanin-sembolik-dili
15.09.2026	2	Konu & Soru	TYT	Kimya	tyt-kimya-kimya-bilimi	tyt-kimya-kimya-bilimi-kimya-uygulamalarinda-is-sagligi-ve-guvenligi
15.09.2026	3	Konu & Soru	AYT	Matematik	ayt-matematik-ucgenler	ayt-matematik-ucgenler-ucgende-aci
15.09.2026	4	Konu & Soru	AYT	Kimya	ayt-kimya-modern-atom-teorisi	ayt-kimya-modern-atom-teorisi-atom-modelleri
15.09.2026	4	Konu & Soru	AYT	Kimya	ayt-kimya-modern-atom-teorisi	ayt-kimya-modern-atom-teorisi-kuantum-dalga-mekanigi-ve-kuantum-sayilari
15.09.2026	4	Konu & Soru	AYT	Kimya	ayt-kimya-modern-atom-teorisi	ayt-kimya-modern-atom-teorisi-kuantum-sayilari-ve-orbitaller
15.09.2026	4	Konu & Soru	AYT	Kimya	ayt-kimya-modern-atom-teorisi	ayt-kimya-modern-atom-teorisi-kuresel-simetri-ve-uyarilmis-atom
15.09.2026	5	Konu & Soru	TYT	Türkçe	tyt-turkce-anlam-bilgisi	tyt-turkce-anlam-bilgisi-sozcukte-anlam-iliskisi
16.09.2026	1	Konu & Soru	TYT	Matematik	tyt-matematik-denklem-ve-esitsizlikler	tyt-matematik-denklem-ve-esitsizlikler-sayi-basamaklari
16.09.2026	1	Konu & Soru	TYT	Matematik	tyt-matematik-denklem-ve-esitsizlikler	tyt-matematik-denklem-ve-esitsizlikler-asal-ve-aralarinda-asal-sayilar
16.09.2026	2	Konu & Soru	TYT	Biyoloji	tyt-biyoloji-yasam-bilimi-biyoloji	tyt-biyoloji-yasam-bilimi-biyoloji-biyoloji-ve-canlilarin-ortak-ozellikleri
16.09.2026	2	Konu & Soru	TYT	Biyoloji	tyt-biyoloji-yasam-bilimi-biyoloji	tyt-biyoloji-yasam-bilimi-biyoloji-inorganik-bilesikler
16.09.2026	2	Konu & Soru	TYT	Biyoloji	tyt-biyoloji-yasam-bilimi-biyoloji	tyt-biyoloji-yasam-bilimi-biyoloji-organik-bilesikler
16.09.2026	2	Konu & Soru	TYT	Biyoloji	tyt-biyoloji-hucre	tyt-biyoloji-hucre-sitoplazma-ve-organeller
16.09.2026	3	Konu & Soru	AYT	Matematik	ayt-matematik-ucgenler	ayt-matematik-ucgenler-dik-ucgen-ve-trigonometri
16.09.2026	4	Konu & Soru	AYT	Biyoloji	ayt-biyoloji-insan-fizyolojisi	ayt-biyoloji-insan-fizyolojisi-sinir-sisteminin-yapi-gorev-ve-isleyisi
16.09.2026	4	Konu & Soru	AYT	Biyoloji	ayt-biyoloji-insan-fizyolojisi	ayt-biyoloji-insan-fizyolojisi-endokrin-bezler-ve-salgiladiklari-hormonlar
16.09.2026	4	Konu & Soru	AYT	Biyoloji	ayt-biyoloji-insan-fizyolojisi	ayt-biyoloji-insan-fizyolojisi-duyu-organlarinin-yapisi-isleyisi-ve-rahatsizliklari
16.09.2026	4	Konu & Soru	AYT	Biyoloji	ayt-biyoloji-insan-fizyolojisi	ayt-biyoloji-insan-fizyolojisi-iskelet-sistemi
16.09.2026	5	Konu & Soru	TYT	Türkçe	tyt-turkce-anlam-bilgisi	tyt-turkce-anlam-bilgisi-sozcukte-anlam-olaylari
17.09.2026	1	Konu & Soru	TYT	Matematik	tyt-matematik-denklem-ve-esitsizlikler	tyt-matematik-denklem-ve-esitsizlikler-asal-carpanlara-ayirma-ve-bolen-sayisi
17.09.2026	1	Konu & Soru	TYT	Matematik	tyt-matematik-denklem-ve-esitsizlikler	tyt-matematik-denklem-ve-esitsizlikler-bolme-ve-bolunebilme-kurallari
17.09.2026	2	Konu & Soru	TYT	Fizik	tyt-fizik-madde-ve-ozellikleri	tyt-fizik-madde-ve-ozellikleri-kutle-hacim-ve-ozkutle
17.09.2026	2	Konu & Soru	TYT	Fizik	tyt-fizik-madde-ve-ozellikleri	tyt-fizik-madde-ve-ozellikleri-katilarda-boyutlar-arasi-iliskiler-ve-dayaniklilik
17.09.2026	2	Konu & Soru	TYT	Fizik	tyt-fizik-madde-ve-ozellikleri	tyt-fizik-madde-ve-ozellikleri-adesyon-kohezyon-yuzey-gerilimi-ve-kilcallik
17.09.2026	2	Konu & Soru	TYT	Fizik	tyt-fizik-basinc	tyt-fizik-basinc-kati-basinci
17.09.2026	3	Konu & Soru	AYT	Matematik	ayt-matematik-ucgenler	ayt-matematik-ucgenler-ucgende-aci-kenar-bagintilari
17.09.2026	4	Konu & Soru	AYT	Fizik	ayt-fizik-atom-fizigine-giris-ve-radyoaktivite	ayt-fizik-atom-fizigine-giris-ve-radyoaktivite-buyuk-patlama-teorisi-big-bang-ve-evrenin-olusumu
17.09.2026	4	Konu & Soru	AYT	Fizik	ayt-fizik-atom-fizigine-giris-ve-radyoaktivite	ayt-fizik-atom-fizigine-giris-ve-radyoaktivite-atomalti-parcaciklar
17.09.2026	4	Konu & Soru	AYT	Fizik	ayt-fizik-atom-fizigine-giris-ve-radyoaktivite	ayt-fizik-atom-fizigine-giris-ve-radyoaktivite-radyoaktivite
17.09.2026	4	Konu & Soru	AYT	Fizik	ayt-fizik-modern-fizik	ayt-fizik-modern-fizik-ozel-gorelilik-kurami
17.09.2026	5	Konu & Soru	TYT	Türkçe	tyt-turkce-anlam-bilgisi	tyt-turkce-anlam-bilgisi-deyim-atasozu-ikileme
18.09.2026	1	Konu & Soru	TYT	Matematik	tyt-matematik-denklem-ve-esitsizlikler	tyt-matematik-denklem-ve-esitsizlikler-ebob-ekok
18.09.2026	1	Konu & Soru	TYT	Matematik	tyt-matematik-denklem-ve-esitsizlikler	tyt-matematik-denklem-ve-esitsizlikler-rasyonel-sayilar
18.09.2026	2	Konu & Soru	TYT	Kimya	tyt-kimya-atomun-yapisi-ve-periyodik-sistem	tyt-kimya-atomun-yapisi-ve-periyodik-sistem-atom-modelleri
18.09.2026	2	Konu & Soru	TYT	Kimya	tyt-kimya-atomun-yapisi-ve-periyodik-sistem	tyt-kimya-atomun-yapisi-ve-periyodik-sistem-atomdaki-temel-tanecikler-ve-esitlikler
18.09.2026	2	Konu & Soru	TYT	Kimya	tyt-kimya-atomun-yapisi-ve-periyodik-sistem	tyt-kimya-atomun-yapisi-ve-periyodik-sistem-periyodik-sistem-ve-elektron-dizilimleri
18.09.2026	2	Konu & Soru	TYT	Kimya	tyt-kimya-atomun-yapisi-ve-periyodik-sistem	tyt-kimya-atomun-yapisi-ve-periyodik-sistem-periyodik-sistemde-gruplar-ve-ozellikleri
18.09.2026	3	Konu & Soru	AYT	Matematik	ayt-matematik-ucgenler	ayt-matematik-ucgenler-ikizkenar-ucgen
18.09.2026	4	Konu & Soru	AYT	Kimya	ayt-kimya-modern-atom-teorisi	ayt-kimya-modern-atom-teorisi-periyodik-sistemde-yer-bulma
18.09.2026	4	Konu & Soru	AYT	Kimya	ayt-kimya-modern-atom-teorisi	ayt-kimya-modern-atom-teorisi-periyodik-ozellikler
18.09.2026	4	Konu & Soru	AYT	Kimya	ayt-kimya-modern-atom-teorisi	ayt-kimya-modern-atom-teorisi-elementlerin-ozellikleri
18.09.2026	4	Konu & Soru	AYT	Kimya	ayt-kimya-modern-atom-teorisi	ayt-kimya-modern-atom-teorisi-iyon-yukleri-ve-yukseltgenme-basamaklari
18.09.2026	5	Konu & Soru	TYT	Türkçe	tyt-turkce-anlam-bilgisi	tyt-turkce-anlam-bilgisi-soz-obekleri
21.09.2026	1	Konu & Soru	TYT	Matematik	tyt-matematik-denklem-ve-esitsizlikler	tyt-matematik-denklem-ve-esitsizlikler-birinci-dereceden-denklemler
21.09.2026	1	Konu & Soru	TYT	Matematik	tyt-matematik-denklem-ve-esitsizlikler	tyt-matematik-denklem-ve-esitsizlikler-birinci-dereceden-esitsizlikler
21.09.2026	2	Konu & Soru	TYT	Biyoloji	tyt-biyoloji-hucre	tyt-biyoloji-hucre-hucre-zari
21.09.2026	2	Konu & Soru	TYT	Biyoloji	tyt-biyoloji-hucre	tyt-biyoloji-hucre-bilimsel-yontem
21.09.2026	2	Konu & Soru	TYT	Biyoloji	tyt-biyoloji-canlilar-dunyasi	tyt-biyoloji-canlilar-dunyasi-siniflandirmanin-amaci-ve-faydalari
21.09.2026	2	Konu & Soru	TYT	Biyoloji	tyt-biyoloji-canlilar-dunyasi	tyt-biyoloji-canlilar-dunyasi-siniflandirmada-kullanilan-kategoriler
21.09.2026	3	Konu & Soru	AYT	Matematik	ayt-matematik-ucgenler	ayt-matematik-ucgenler-eskenar-ucgen
21.09.2026	4	Konu & Soru	AYT	Biyoloji	ayt-biyoloji-insan-fizyolojisi	ayt-biyoloji-insan-fizyolojisi-kas-sistemi
21.09.2026	4	Konu & Soru	AYT	Biyoloji	ayt-biyoloji-insan-fizyolojisi	ayt-biyoloji-insan-fizyolojisi-sindirim-sistemi
21.09.2026	4	Konu & Soru	AYT	Biyoloji	ayt-biyoloji-insan-fizyolojisi	ayt-biyoloji-insan-fizyolojisi-dolasim-sistemleri
21.09.2026	4	Konu & Soru	AYT	Biyoloji	ayt-biyoloji-insan-fizyolojisi	ayt-biyoloji-insan-fizyolojisi-bagisiklik-sistemi
21.09.2026	5	Konu & Soru	TYT	Türkçe	tyt-turkce-anlam-bilgisi	tyt-turkce-anlam-bilgisi-cumlede-anlam-cumleyi-yorumlama
22.09.2026	1	Konu & Soru	TYT	Matematik	tyt-matematik-denklem-ve-esitsizlikler	tyt-matematik-denklem-ve-esitsizlikler-mutlak-deger
22.09.2026	1	Konu & Soru	TYT	Matematik	tyt-matematik-denklem-ve-esitsizlikler	tyt-matematik-denklem-ve-esitsizlikler-uslu-sayilar
22.09.2026	2	Konu & Soru	TYT	Fizik	tyt-fizik-basinc	tyt-fizik-basinc-sivi-basinci
22.09.2026	2	Konu & Soru	TYT	Fizik	tyt-fizik-basinc	tyt-fizik-basinc-gaz-basinci
22.09.2026	2	Konu & Soru	TYT	Fizik	tyt-fizik-basinc	tyt-fizik-basinc-akiskanlar-mekanigi
22.09.2026	2	Konu & Soru	TYT	Fizik	tyt-fizik-kaldirma-kuvveti	tyt-fizik-kaldirma-kuvveti-sivilarin-kaldirma-kuvveti
22.09.2026	3	Konu & Soru	AYT	Matematik	ayt-matematik-ucgenler	ayt-matematik-ucgenler-ucgende-aciortay
22.09.2026	4	Konu & Soru	AYT	Fizik	ayt-fizik-modern-fizik	ayt-fizik-modern-fizik-siyah-cisim-isimasi
22.09.2026	4	Konu & Soru	AYT	Fizik	ayt-fizik-modern-fizik	ayt-fizik-modern-fizik-fotoelektrik-olay
22.09.2026	4	Konu & Soru	AYT	Fizik	ayt-fizik-modern-fizik	ayt-fizik-modern-fizik-compton-sacilmasi
22.09.2026	4	Konu & Soru	AYT	Fizik	ayt-fizik-modern-fizik	ayt-fizik-modern-fizik-isigin-ikili-yapisi-fotonlarin-ozellikleri-ve-de-boglie-hipotezi
22.09.2026	5	Konu & Soru	TYT	Türkçe	tyt-turkce-anlam-bilgisi	tyt-turkce-anlam-bilgisi-cumlede-anlam-anlam-iliskileri-anlatim
23.09.2026	1	Konu & Soru	TYT	Matematik	tyt-matematik-denklem-ve-esitsizlikler	tyt-matematik-denklem-ve-esitsizlikler-koklu-sayilar
23.09.2026	1	Konu & Soru	TYT	Matematik	tyt-matematik-denklem-ve-esitsizlikler	tyt-matematik-denklem-ve-esitsizlikler-carpanlara-ayirma
23.09.2026	2	Konu & Soru	TYT	Kimya	tyt-kimya-atomun-yapisi-ve-periyodik-sistem	tyt-kimya-atomun-yapisi-ve-periyodik-sistem-periyodik-ozelliklerin-degisimi
23.09.2026	2	Konu & Soru	TYT	Kimya	tyt-kimya-kimyasal-turler-arasi-etkilesimler	tyt-kimya-kimyasal-turler-arasi-etkilesimler-kimyasal-turler
23.09.2026	2	Konu & Soru	TYT	Kimya	tyt-kimya-kimyasal-turler-arasi-etkilesimler	tyt-kimya-kimyasal-turler-arasi-etkilesimler-atom-ve-iyonlarin-lewis-yapisi
23.09.2026	2	Konu & Soru	TYT	Kimya	tyt-kimya-kimyasal-turler-arasi-etkilesimler	tyt-kimya-kimyasal-turler-arasi-etkilesimler-iyonik-bilesiklerin-olusumu-ve-adlandirilmasi
23.09.2026	3	Konu & Soru	AYT	Matematik	ayt-matematik-ucgenler	ayt-matematik-ucgenler-ucgende-kenarortay
23.09.2026	4	Konu & Soru	AYT	Kimya	ayt-kimya-modern-atom-teorisi	ayt-kimya-modern-atom-teorisi-iyonik-ve-kovalent-bilesiklerde-adlandirma
23.09.2026	4	Konu & Soru	AYT	Kimya	ayt-kimya-gazlar	ayt-kimya-gazlar-gazlarin-genel-ozellikleri-ve-kinetik-teori
23.09.2026	4	Konu & Soru	AYT	Kimya	ayt-kimya-gazlar	ayt-kimya-gazlar-gaz-yasalari-boyle-mariotte-yasasi-basinc-hacim
23.09.2026	4	Konu & Soru	AYT	Kimya	ayt-kimya-gazlar	ayt-kimya-gazlar-charles-yasasi-hacim-sicaklik-guy-lussac-yasasi-basinc-sicaklik
23.09.2026	5	Konu & Soru	TYT	Türkçe	tyt-turkce-anlam-bilgisi	tyt-turkce-anlam-bilgisi-cumlede-anlam-kavramlar
24.09.2026	1	Konu & Soru	TYT	Matematik	tyt-matematik-denklem-ve-esitsizlikler	tyt-matematik-denklem-ve-esitsizlikler-oran-oranti
24.09.2026	1	Konu & Soru	TYT	Matematik	tyt-matematik-denklem-ve-esitsizlikler	tyt-matematik-denklem-ve-esitsizlikler-sayi-kesir-problemleri
24.09.2026	2	Konu & Soru	TYT	Biyoloji	tyt-biyoloji-canlilar-dunyasi	tyt-biyoloji-canlilar-dunyasi-ikili-adlandirma
24.09.2026	2	Konu & Soru	TYT	Biyoloji	tyt-biyoloji-canlilar-dunyasi	tyt-biyoloji-canlilar-dunyasi-canli-lemleri-ve-ozellikleri
24.09.2026	2	Konu & Soru	TYT	Biyoloji	tyt-biyoloji-canlilar-dunyasi	tyt-biyoloji-canlilar-dunyasi-protistler-bitkiler-mantarlar-lemleri
24.09.2026	2	Konu & Soru	TYT	Biyoloji	tyt-biyoloji-canlilar-dunyasi	tyt-biyoloji-canlilar-dunyasi-hayvanlar-lemi
24.09.2026	3	Konu & Soru	AYT	Matematik	ayt-matematik-ucgenler	ayt-matematik-ucgenler-ucgende-merkezler
24.09.2026	4	Konu & Soru	AYT	Biyoloji	ayt-biyoloji-insan-fizyolojisi	ayt-biyoloji-insan-fizyolojisi-solunum-sistemi
24.09.2026	4	Konu & Soru	AYT	Biyoloji	ayt-biyoloji-insan-fizyolojisi	ayt-biyoloji-insan-fizyolojisi-uriner-sistem
24.09.2026	4	Konu & Soru	AYT	Biyoloji	ayt-biyoloji-insan-fizyolojisi	ayt-biyoloji-insan-fizyolojisi-ureme-sistemi
24.09.2026	4	Konu & Soru	AYT	Biyoloji	ayt-biyoloji-insan-fizyolojisi	ayt-biyoloji-insan-fizyolojisi-embriyonik-gelisim-sureci
24.09.2026	5	Konu & Soru	TYT	Türkçe	tyt-turkce-anlam-bilgisi	tyt-turkce-anlam-bilgisi-paragrafta-yapi
25.09.2026	1	Konu & Soru	TYT	Matematik	tyt-matematik-denklem-ve-esitsizlikler	tyt-matematik-denklem-ve-esitsizlikler-yas-problemleri
25.09.2026	1	Konu & Soru	TYT	Matematik	tyt-matematik-denklem-ve-esitsizlikler	tyt-matematik-denklem-ve-esitsizlikler-isci-problemleri
25.09.2026	2	Konu & Soru	TYT	Fizik	tyt-fizik-isi-sicaklik-ve-genlesme	tyt-fizik-isi-sicaklik-ve-genlesme-isi-sicaklik-ve-ic-enerji
25.09.2026	2	Konu & Soru	TYT	Fizik	tyt-fizik-isi-sicaklik-ve-genlesme	tyt-fizik-isi-sicaklik-ve-genlesme-termometreler
25.09.2026	2	Konu & Soru	TYT	Fizik	tyt-fizik-isi-sicaklik-ve-genlesme	tyt-fizik-isi-sicaklik-ve-genlesme-isi-alis-verisi-ve-isil-denge
25.09.2026	2	Konu & Soru	TYT	Fizik	tyt-fizik-isi-sicaklik-ve-genlesme	tyt-fizik-isi-sicaklik-ve-genlesme-hal-degisimi
25.09.2026	3	Konu & Soru	AYT	Matematik	ayt-matematik-ucgenler	ayt-matematik-ucgenler-ucgende-benzerlik
25.09.2026	4	Konu & Soru	AYT	Fizik	ayt-fizik-goruntuleme-ve-yari-iletken-teknolojileri	ayt-fizik-goruntuleme-ve-yari-iletken-teknolojileri-goruntuleme-cihazlari
25.09.2026	4	Konu & Soru	AYT	Fizik	ayt-fizik-goruntuleme-ve-yari-iletken-teknolojileri	ayt-fizik-goruntuleme-ve-yari-iletken-teknolojileri-yari-iletken-teknolojisi
25.09.2026	4	Konu & Soru	AYT	Fizik	ayt-fizik-goruntuleme-ve-yari-iletken-teknolojileri	ayt-fizik-goruntuleme-ve-yari-iletken-teknolojileri-superiletkenlik
25.09.2026	4	Konu & Soru	AYT	Fizik	ayt-fizik-goruntuleme-ve-yari-iletken-teknolojileri	ayt-fizik-goruntuleme-ve-yari-iletken-teknolojileri-nanoteknoloji
25.09.2026	5	Konu & Soru	TYT	Türkçe	tyt-turkce-anlam-bilgisi	tyt-turkce-anlam-bilgisi-paragrafta-anlam
28.09.2026	1	Konu & Soru	TYT	Matematik	tyt-matematik-denklem-ve-esitsizlikler	tyt-matematik-denklem-ve-esitsizlikler-hiz-hareket-problemleri
28.09.2026	1	Konu & Soru	TYT	Matematik	tyt-matematik-denklem-ve-esitsizlikler	tyt-matematik-denklem-ve-esitsizlikler-yuzde-problemleri
28.09.2026	2	Konu & Soru	TYT	Kimya	tyt-kimya-kimyasal-turler-arasi-etkilesimler	tyt-kimya-kimyasal-turler-arasi-etkilesimler-iyonik-bilesiklerde-cozunme
28.09.2026	2	Konu & Soru	TYT	Kimya	tyt-kimya-kimyasal-turler-arasi-etkilesimler	tyt-kimya-kimyasal-turler-arasi-etkilesimler-kovalent-bagli-bilesiklerin-olusumu-ve-adlandirilmasi
28.09.2026	2	Konu & Soru	TYT	Kimya	tyt-kimya-kimyasal-turler-arasi-etkilesimler	tyt-kimya-kimyasal-turler-arasi-etkilesimler-kovalent-bagli-molekullerde-polarlik
28.09.2026	2	Konu & Soru	TYT	Kimya	tyt-kimya-kimyasal-turler-arasi-etkilesimler	tyt-kimya-kimyasal-turler-arasi-etkilesimler-metalik-bag
28.09.2026	3	Konu & Soru	AYT	Matematik	ayt-matematik-ucgenler	ayt-matematik-ucgenler-ucgende-alan
28.09.2026	4	Konu & Soru	AYT	Kimya	ayt-kimya-gazlar	ayt-kimya-gazlar-dalton-kismi-basinc-yasasi-basinc-mol-avogadro-yasasi-hacim-mol
28.09.2026	4	Konu & Soru	AYT	Kimya	ayt-kimya-gazlar	ayt-kimya-gazlar-ideal-gaz-yasasi
28.09.2026	4	Konu & Soru	AYT	Kimya	ayt-kimya-gazlar	ayt-kimya-gazlar-gaz-karisimlari-ve-gazlarin-su-ustunde-toplanmasi
28.09.2026	4	Konu & Soru	AYT	Kimya	ayt-kimya-gazlar	ayt-kimya-gazlar-gercek-gazlar-joule-thomson-olayi-faz-diyagramlari
28.09.2026	5	Konu & Soru	TYT	Türkçe	tyt-turkce-anlam-bilgisi	tyt-turkce-anlam-bilgisi-anlatim-bicimleri-dusunceyi-gelistirme-yollari
29.09.2026	1	Konu & Soru	TYT	Matematik	tyt-matematik-denklem-ve-esitsizlikler	tyt-matematik-denklem-ve-esitsizlikler-karisim-problemleri
29.09.2026	1	Konu & Soru	TYT	Matematik	tyt-matematik-denklem-ve-esitsizlikler	tyt-matematik-denklem-ve-esitsizlikler-sayisal-mantik-problemleri
29.09.2026	2	Konu & Soru	TYT	Biyoloji	tyt-biyoloji-canlilar-dunyasi	tyt-biyoloji-canlilar-dunyasi-virusler
29.09.2026	2	Konu & Soru	TYT	Biyoloji	tyt-biyoloji-hucre-bolunmeleri-ve-ureme	tyt-biyoloji-hucre-bolunmeleri-ve-ureme-hucre-bolunmesinin-gerekliligi
29.09.2026	2	Konu & Soru	TYT	Biyoloji	tyt-biyoloji-hucre-bolunmeleri-ve-ureme	tyt-biyoloji-hucre-bolunmeleri-ve-ureme-mitoz
29.09.2026	2	Konu & Soru	TYT	Biyoloji	tyt-biyoloji-hucre-bolunmeleri-ve-ureme	tyt-biyoloji-hucre-bolunmeleri-ve-ureme-eseysiz-ureme
29.09.2026	3	Konu & Soru	AYT	Matematik	ayt-matematik-denklem-ve-esitsizlik-sistemleri	ayt-matematik-denklem-ve-esitsizlik-sistemleri-denklem-ve-esitsizlik-sistemleri
29.09.2026	4	Konu & Soru	AYT	Biyoloji	ayt-biyoloji-komunite-ve-populasyon-ekolojisi	ayt-biyoloji-komunite-ve-populasyon-ekolojisi-komunite-ekolojisi
29.09.2026	4	Konu & Soru	AYT	Biyoloji	ayt-biyoloji-komunite-ve-populasyon-ekolojisi	ayt-biyoloji-komunite-ve-populasyon-ekolojisi-populasyon-ekolojisi
29.09.2026	4	Konu & Soru	AYT	Biyoloji	ayt-biyoloji-genden-proteine	ayt-biyoloji-genden-proteine-nukleik-asitlerin-kesfi-ve-onemi
29.09.2026	4	Konu & Soru	AYT	Biyoloji	ayt-biyoloji-genden-proteine	ayt-biyoloji-genden-proteine-genetik-sifre-ve-protein-sentezi
29.09.2026	5	Konu & Soru	TYT	Türkçe	tyt-turkce-anlam-bilgisi	tyt-turkce-anlam-bilgisi-paragrafta-coklu-soru
30.09.2026	1	Konu & Soru	TYT	Matematik	tyt-matematik-kumeler	tyt-matematik-kumeler-kumeler
30.09.2026	1	Konu & Soru	TYT	Matematik	tyt-matematik-fonksiyonlar	tyt-matematik-fonksiyonlar-fonksiyonlar
30.09.2026	2	Konu & Soru	TYT	Fizik	tyt-fizik-isi-sicaklik-ve-genlesme	tyt-fizik-isi-sicaklik-ve-genlesme-isinin-yayilma-yollari
30.09.2026	2	Konu & Soru	TYT	Fizik	tyt-fizik-isi-sicaklik-ve-genlesme	tyt-fizik-isi-sicaklik-ve-genlesme-genlesme
30.09.2026	2	Konu & Soru	TYT	Fizik	tyt-fizik-isi-sicaklik-ve-genlesme	tyt-fizik-isi-sicaklik-ve-genlesme-kuresel-isinma-ve-hissedilen-sicaklik
30.09.2026	2	Konu & Soru	TYT	Fizik	tyt-fizik-hareket	tyt-fizik-hareket-hareket-kavrami-ve-cesitleri
30.09.2026	3	Konu & Soru	AYT	Matematik	ayt-matematik-ii-dereceden-fonksiyonlarin-grafikleri	ayt-matematik-ii-dereceden-fonksiyonlarin-grafikleri-ii-dereceden-fonksiyonlarin-grafikleri
30.09.2026	4	Konu & Soru	AYT	Fizik	ayt-fizik-goruntuleme-ve-yari-iletken-teknolojileri	ayt-fizik-goruntuleme-ve-yari-iletken-teknolojileri-lazer-isinlari
30.09.2026	4	Konu & Soru	AYT	Fizik	ayt-fizik-goruntuleme-ve-yari-iletken-teknolojileri	ayt-fizik-goruntuleme-ve-yari-iletken-teknolojileri-modern-fizigin-teknolojideki-uygulamalari-karma
30.09.2026	5	Konu & Soru	TYT	Türkçe	tyt-turkce-dil-bilgisi	tyt-turkce-dil-bilgisi-kok-bilgisi
01.10.2026	1	Konu & Soru	TYT	Matematik	tyt-matematik-veri-sayma-olasilik	tyt-matematik-veri-sayma-olasilik-merkezi-egilim-ve-yayilim-olculeri-grafik-turleri
01.10.2026	1	Konu & Soru	TYT	Matematik	tyt-matematik-veri-sayma-olasilik	tyt-matematik-veri-sayma-olasilik-sayma-permutasyon
01.10.2026	2	Konu & Soru	TYT	Kimya	tyt-kimya-kimyasal-turler-arasi-etkilesimler	tyt-kimya-kimyasal-turler-arasi-etkilesimler-van-der-waals-etkilesimleri-ve-hidrojen-bagi
01.10.2026	2	Konu & Soru	TYT	Kimya	tyt-kimya-kimyasal-turler-arasi-etkilesimler	tyt-kimya-kimyasal-turler-arasi-etkilesimler-fiziksel-ve-kimyasal-degisimler
01.10.2026	2	Konu & Soru	TYT	Kimya	tyt-kimya-maddenin-halleri	tyt-kimya-maddenin-halleri-katilar-ve-ozellikleri
01.10.2026	2	Konu & Soru	TYT	Kimya	tyt-kimya-maddenin-halleri	tyt-kimya-maddenin-halleri-sivilar-ve-ozellikleri
01.10.2026	3	Konu & Soru	AYT	Matematik	ayt-matematik-fonksiyonlar	ayt-matematik-fonksiyonlar-fonksiyonlar
01.10.2026	4	Konu & Soru	AYT	Kimya	ayt-kimya-sivi-cozeltiler	ayt-kimya-sivi-cozeltiler-sivi-ortamda-cozunme-olayi
01.10.2026	4	Konu & Soru	AYT	Kimya	ayt-kimya-sivi-cozeltiler	ayt-kimya-sivi-cozeltiler-cozelti-derisimleri-ile-ilgili-hesaplamalar
01.10.2026	4	Konu & Soru	AYT	Kimya	ayt-kimya-sivi-cozeltiler	ayt-kimya-sivi-cozeltiler-koligatif-ozellikler
01.10.2026	4	Konu & Soru	AYT	Kimya	ayt-kimya-sivi-cozeltiler	ayt-kimya-sivi-cozeltiler-cozunurluk-ve-cozunurlugu-etkileyen-faktorler
01.10.2026	5	Konu & Soru	TYT	Türkçe	tyt-turkce-dil-bilgisi	tyt-turkce-dil-bilgisi-cekim-eki
02.10.2026	1	Konu & Soru	TYT	Matematik	tyt-matematik-veri-sayma-olasilik	tyt-matematik-veri-sayma-olasilik-kombinasyon
02.10.2026	1	Konu & Soru	TYT	Matematik	tyt-matematik-veri-sayma-olasilik	tyt-matematik-veri-sayma-olasilik-binom-acilimi
02.10.2026	2	Konu & Soru	TYT	Biyoloji	tyt-biyoloji-hucre-bolunmeleri-ve-ureme	tyt-biyoloji-hucre-bolunmeleri-ve-ureme-mayoz
02.10.2026	2	Konu & Soru	TYT	Biyoloji	tyt-biyoloji-hucre-bolunmeleri-ve-ureme	tyt-biyoloji-hucre-bolunmeleri-ve-ureme-eseyli-ureme
02.10.2026	2	Konu & Soru	TYT	Biyoloji	tyt-biyoloji-kalitimin-ve-biyolojik-cesitlilik	tyt-biyoloji-kalitimin-ve-biyolojik-cesitlilik-mendel-ilkeleri
02.10.2026	2	Konu & Soru	TYT	Biyoloji	tyt-biyoloji-kalitimin-ve-biyolojik-cesitlilik	tyt-biyoloji-kalitimin-ve-biyolojik-cesitlilik-mendel-ilkelerine-uymayan-durumlar-es-baskinlik-cok-alellilik
02.10.2026	3	Konu & Soru	AYT	Matematik	ayt-matematik-logaritma	ayt-matematik-logaritma-logaritma
02.10.2026	4	Konu & Soru	AYT	Biyoloji	ayt-biyoloji-canlilarda-enerji-donusumleri	ayt-biyoloji-canlilarda-enerji-donusumleri-canlilik-ve-enerji
02.10.2026	4	Konu & Soru	AYT	Biyoloji	ayt-biyoloji-canlilarda-enerji-donusumleri	ayt-biyoloji-canlilarda-enerji-donusumleri-fotosentez-kemosentez
02.10.2026	4	Konu & Soru	AYT	Biyoloji	ayt-biyoloji-canlilarda-enerji-donusumleri	ayt-biyoloji-canlilarda-enerji-donusumleri-fermantasyon
02.10.2026	4	Konu & Soru	AYT	Biyoloji	ayt-biyoloji-canlilarda-enerji-donusumleri	ayt-biyoloji-canlilarda-enerji-donusumleri-hucresel-solunum
02.10.2026	5	Konu & Soru	TYT	Türkçe	tyt-turkce-dil-bilgisi	tyt-turkce-dil-bilgisi-yapim-eki
05.10.2026	1	Konu & Soru	TYT	Matematik	tyt-matematik-veri-sayma-olasilik	tyt-matematik-veri-sayma-olasilik-olasilik
05.10.2026	1	Konu & Soru	TYT	Matematik	tyt-matematik-ikinci-dereceden-denklemler	tyt-matematik-ikinci-dereceden-denklemler-ikinci-dereceden-denklemler
05.10.2026	2	Konu & Soru	TYT	Fizik	tyt-fizik-hareket	tyt-fizik-hareket-temel-hareket-kavramlari
05.10.2026	2	Konu & Soru	TYT	Fizik	tyt-fizik-hareket	tyt-fizik-hareket-duzgun-dogrusal-hareket
05.10.2026	2	Konu & Soru	TYT	Fizik	tyt-fizik-hareket	tyt-fizik-hareket-ivme
05.10.2026	2	Konu & Soru	TYT	Fizik	tyt-fizik-hareket	tyt-fizik-hareket-boyutlu-cisimlerin-hareketi
05.10.2026	3	Konu & Soru	AYT	Matematik	ayt-matematik-ii-dereceden-denklemler	ayt-matematik-ii-dereceden-denklemler-ii-dereceden-denklemler
05.10.2026	4	Konu & Soru	AYT	Fizik	ayt-fizik-hareket	ayt-fizik-hareket-dogrusal-hareket
05.10.2026	4	Konu & Soru	AYT	Fizik	ayt-fizik-hareket	ayt-fizik-hareket-sabit-hizli-iki-cismin-birbirine-gore-hareketi
05.10.2026	4	Konu & Soru	AYT	Fizik	ayt-fizik-hareket	ayt-fizik-hareket-hareketli-bir-ortamdaki-sabit-hizli-cisimlerin-bileske-ve-bagil-hareketleri
05.10.2026	4	Konu & Soru	AYT	Fizik	ayt-fizik-hareket	ayt-fizik-hareket-dusey-dogrultuda-atis-hareketleri
05.10.2026	5	Konu & Soru	TYT	Türkçe	tyt-turkce-dil-bilgisi	tyt-turkce-dil-bilgisi-ekler-karma
06.10.2026	1	Konu & Soru	TYT	Matematik	tyt-matematik-polinomlar	tyt-matematik-polinomlar-polinomlar
06.10.2026	1	Konu & Soru	TYT	Matematik	tyt-matematik-mantik	tyt-matematik-mantik-mantik
06.10.2026	2	Konu & Soru	TYT	Kimya	tyt-kimya-maddenin-halleri	tyt-kimya-maddenin-halleri-gazlar-ve-ozellikleri
06.10.2026	2	Konu & Soru	TYT	Kimya	tyt-kimya-maddenin-halleri	tyt-kimya-maddenin-halleri-saf-maddelerde-hal-degisimi
06.10.2026	2	Konu & Soru	TYT	Kimya	tyt-kimya-doga-ve-kimya	tyt-kimya-doga-ve-kimya-su-ve-hayat
06.10.2026	2	Konu & Soru	TYT	Kimya	tyt-kimya-doga-ve-kimya	tyt-kimya-doga-ve-kimya-cevre-kimyasi
06.10.2026	3	Konu & Soru	AYT	Matematik	ayt-matematik-polinomlar	ayt-matematik-polinomlar-polinomlar
06.10.2026	4	Konu & Soru	AYT	Kimya	ayt-kimya-kimya-ve-enerji	ayt-kimya-kimya-ve-enerji-entalpi-degisimi-ve-olusum-entalpisi
06.10.2026	4	Konu & Soru	AYT	Kimya	ayt-kimya-kimya-ve-enerji	ayt-kimya-kimya-ve-enerji-tepkime-entalpisi
06.10.2026	4	Konu & Soru	AYT	Kimya	ayt-kimya-kimyasal-tepkimelerde-hiz	ayt-kimya-kimyasal-tepkimelerde-hiz-tepkime-hizinin-olculmesi
06.10.2026	4	Konu & Soru	AYT	Kimya	ayt-kimya-kimyasal-tepkimelerde-hiz	ayt-kimya-kimyasal-tepkimelerde-hiz-reaksiyon-mekanizmasi-ve-hiz-bagintisi
06.10.2026	5	Konu & Soru	TYT	Türkçe	tyt-turkce-dil-bilgisi	tyt-turkce-dil-bilgisi-sozcukte-yapi
07.10.2026	1	Konu & Soru	TYT	Matematik	tyt-matematik-ucgenler	tyt-matematik-ucgenler-duzlemde-aci
07.10.2026	1	Konu & Soru	TYT	Matematik	tyt-matematik-ucgenler	tyt-matematik-ucgenler-ucgende-aci
07.10.2026	2	Konu & Soru	TYT	Biyoloji	tyt-biyoloji-kalitimin-ve-biyolojik-cesitlilik	tyt-biyoloji-kalitimin-ve-biyolojik-cesitlilik-kan-gruplari
07.10.2026	2	Konu & Soru	TYT	Biyoloji	tyt-biyoloji-kalitimin-ve-biyolojik-cesitlilik	tyt-biyoloji-kalitimin-ve-biyolojik-cesitlilik-eseye-bagli-kalitim
07.10.2026	2	Konu & Soru	TYT	Biyoloji	tyt-biyoloji-kalitimin-ve-biyolojik-cesitlilik	tyt-biyoloji-kalitimin-ve-biyolojik-cesitlilik-akraba-evlilikleri-genetik-varyasyonlar-ve-biyolojik-cesitlilik
07.10.2026	2	Konu & Soru	TYT	Biyoloji	tyt-biyoloji-ekosistem-ekolojisi-ve-guncel-cevre-sorunlari	tyt-biyoloji-ekosistem-ekolojisi-ve-guncel-cevre-sorunlari-ekosistemin-canli-ve-cansiz-bilesenleri
07.10.2026	3	Konu & Soru	AYT	Matematik	ayt-matematik-diziler	ayt-matematik-diziler-diziler
07.10.2026	4	Konu & Soru	AYT	Biyoloji	ayt-biyoloji-bitki-biyolojisi	ayt-biyoloji-bitki-biyolojisi-bitkilerin-yapisi
07.10.2026	4	Konu & Soru	AYT	Biyoloji	ayt-biyoloji-bitki-biyolojisi	ayt-biyoloji-bitki-biyolojisi-bitki-hormonlari-ve-bitkilerde-hareket
07.10.2026	4	Konu & Soru	AYT	Biyoloji	ayt-biyoloji-bitki-biyolojisi	ayt-biyoloji-bitki-biyolojisi-bitkilerde-madde-tasinmasi
07.10.2026	4	Konu & Soru	AYT	Biyoloji	ayt-biyoloji-bitki-biyolojisi	ayt-biyoloji-bitki-biyolojisi-bitkilerde-eseyli-ureme
07.10.2026	5	Konu & Soru	TYT	Türkçe	tyt-turkce-dil-bilgisi	tyt-turkce-dil-bilgisi-isimler-adlar
08.10.2026	1	Konu & Soru	TYT	Matematik	tyt-matematik-ucgenler	tyt-matematik-ucgenler-dik-ucgen-ve-trigonometri
08.10.2026	1	Konu & Soru	TYT	Matematik	tyt-matematik-ucgenler	tyt-matematik-ucgenler-ucgende-aci-kenar-bagintilari
08.10.2026	2	Konu & Soru	TYT	Fizik	tyt-fizik-newtonun-hareket-yasalari	tyt-fizik-newtonun-hareket-yasalari-kuvvetin-ozellikleri-ve-kuvvet-cesitleri
08.10.2026	2	Konu & Soru	TYT	Fizik	tyt-fizik-newtonun-hareket-yasalari	tyt-fizik-newtonun-hareket-yasalari-newtonin-birinci-hareket-yasasi-eylemsizlik
08.10.2026	2	Konu & Soru	TYT	Fizik	tyt-fizik-newtonun-hareket-yasalari	tyt-fizik-newtonun-hareket-yasalari-newtonin-ikinci-hareket-yasasi-kuvvet-ivme-iliskisi
08.10.2026	2	Konu & Soru	TYT	Fizik	tyt-fizik-newtonun-hareket-yasalari	tyt-fizik-newtonun-hareket-yasalari-newtonin-ucuncu-hareket-yasasi-etki-tepki-kuvveti
08.10.2026	3	Konu & Soru	AYT	Matematik	ayt-matematik-limit-ve-sureklilik	ayt-matematik-limit-ve-sureklilik-limit-ve-sureklilik
08.10.2026	4	Konu & Soru	AYT	Fizik	ayt-fizik-hareket	ayt-fizik-hareket-hava-direnci-ve-bagil-hiz
08.10.2026	4	Konu & Soru	AYT	Fizik	ayt-fizik-hareket	ayt-fizik-hareket-iki-boyutta-atis-hareketleri
08.10.2026	4	Konu & Soru	AYT	Fizik	ayt-fizik-hareket	ayt-fizik-hareket-atis-hareketleri-karma
08.10.2026	5	Konu & Soru	TYT	Türkçe	tyt-turkce-dil-bilgisi	tyt-turkce-dil-bilgisi-sifatlar-on-ad
09.10.2026	1	Konu & Soru	TYT	Matematik	tyt-matematik-ucgenler	tyt-matematik-ucgenler-ikizkenar-ucgen
09.10.2026	1	Konu & Soru	TYT	Matematik	tyt-matematik-ucgenler	tyt-matematik-ucgenler-eskenar-ucgen
09.10.2026	2	Konu & Soru	TYT	Kimya	tyt-kimya-kimyasal-hesaplamalar	tyt-kimya-kimyasal-hesaplamalar-kutlenin-korunumu-kanunu
09.10.2026	2	Konu & Soru	TYT	Kimya	tyt-kimya-kimyasal-hesaplamalar	tyt-kimya-kimyasal-hesaplamalar-sabit-oranlar-kanunu
09.10.2026	2	Konu & Soru	TYT	Kimya	tyt-kimya-kimyasal-hesaplamalar	tyt-kimya-kimyasal-hesaplamalar-katli-oranlar-kanunu
09.10.2026	2	Konu & Soru	TYT	Kimya	tyt-kimya-kimyasal-hesaplamalar	tyt-kimya-kimyasal-hesaplamalar-mol-kavrami
09.10.2026	3	Konu & Soru	AYT	Matematik	ayt-matematik-turev	ayt-matematik-turev-turev
09.10.2026	4	Konu & Soru	AYT	Kimya	ayt-kimya-kimyasal-tepkimelerde-hiz	ayt-kimya-kimyasal-tepkimelerde-hiz-tepkime-hizinin-bagli-oldugu-faktorler
09.10.2026	4	Konu & Soru	AYT	Kimya	ayt-kimya-kimyasal-tepkimelerde-denge	ayt-kimya-kimyasal-tepkimelerde-denge-denge-kavrami-ve-denge-bagintisi
09.10.2026	4	Konu & Soru	AYT	Kimya	ayt-kimya-kimyasal-tepkimelerde-denge	ayt-kimya-kimyasal-tepkimelerde-denge-dengeye-etki-eden-faktorler
09.10.2026	4	Konu & Soru	AYT	Kimya	ayt-kimya-kimyasal-tepkimelerde-denge	ayt-kimya-kimyasal-tepkimelerde-denge-denge-ani-ve-hesaplamalari
09.10.2026	5	Konu & Soru	TYT	Türkçe	tyt-turkce-dil-bilgisi	tyt-turkce-dil-bilgisi-zamir-adil
12.10.2026	1	Konu & Soru	TYT	Matematik	tyt-matematik-ucgenler	tyt-matematik-ucgenler-ucgende-aciortay
12.10.2026	1	Konu & Soru	TYT	Matematik	tyt-matematik-ucgenler	tyt-matematik-ucgenler-ucgende-kenarortay
12.10.2026	2	Konu & Soru	TYT	Biyoloji	tyt-biyoloji-ekosistem-ekolojisi-ve-guncel-cevre-sorunlari	tyt-biyoloji-ekosistem-ekolojisi-ve-guncel-cevre-sorunlari-canlilardaki-beslenme-sekilleri
12.10.2026	2	Konu & Soru	TYT	Biyoloji	tyt-biyoloji-ekosistem-ekolojisi-ve-guncel-cevre-sorunlari	tyt-biyoloji-ekosistem-ekolojisi-ve-guncel-cevre-sorunlari-ekosistemde-madde-ve-enerji-akisi
12.10.2026	2	Konu & Soru	TYT	Biyoloji	tyt-biyoloji-ekosistem-ekolojisi-ve-guncel-cevre-sorunlari	tyt-biyoloji-ekosistem-ekolojisi-ve-guncel-cevre-sorunlari-madde-donguleri-ve-hayatin-surdurulebilirligi
12.10.2026	2	Konu & Soru	TYT	Biyoloji	tyt-biyoloji-ekosistem-ekolojisi-ve-guncel-cevre-sorunlari	tyt-biyoloji-ekosistem-ekolojisi-ve-guncel-cevre-sorunlari-guncel-cevre-sorunlari
12.10.2026	3	Konu & Soru	AYT	Matematik	ayt-matematik-integral	ayt-matematik-integral-integral
12.10.2026	4	Konu & Soru	AYT	Biyoloji	ayt-biyoloji-canlilar-ve-cevre	ayt-biyoloji-canlilar-ve-cevre-canlilar-ve-cevre
12.10.2026	5	Konu & Soru	TYT	Türkçe	tyt-turkce-dil-bilgisi	tyt-turkce-dil-bilgisi-tamlamalar
13.10.2026	1	Konu & Soru	TYT	Matematik	tyt-matematik-ucgenler	tyt-matematik-ucgenler-ucgende-merkezler
13.10.2026	1	Konu & Soru	TYT	Matematik	tyt-matematik-ucgenler	tyt-matematik-ucgenler-ucgende-benzerlik
13.10.2026	2	Konu & Soru	TYT	Fizik	tyt-fizik-newtonun-hareket-yasalari	tyt-fizik-newtonun-hareket-yasalari-surtunme-kuvveti
13.10.2026	2	Konu & Soru	TYT	Fizik	tyt-fizik-is-guc-enerji	tyt-fizik-is-guc-enerji-is
13.10.2026	2	Konu & Soru	TYT	Fizik	tyt-fizik-is-guc-enerji	tyt-fizik-is-guc-enerji-guc
13.10.2026	2	Konu & Soru	TYT	Fizik	tyt-fizik-is-guc-enerji	tyt-fizik-is-guc-enerji-enerji
13.10.2026	3	Konu & Soru	AYT	Matematik	ayt-matematik-sayma-ve-olasilik	ayt-matematik-sayma-ve-olasilik-sayma-ve-olasilik
13.10.2026	4	Konu & Soru	AYT	Fizik	ayt-fizik-kuvvet-ve-denge	ayt-fizik-kuvvet-ve-denge-vektorler
13.10.2026	4	Konu & Soru	AYT	Fizik	ayt-fizik-kuvvet-ve-denge	ayt-fizik-kuvvet-ve-denge-kuvvet-ve-denge
13.10.2026	4	Konu & Soru	AYT	Fizik	ayt-fizik-kuvvet-ve-denge	ayt-fizik-kuvvet-ve-denge-tork-ve-denge
13.10.2026	4	Konu & Soru	AYT	Fizik	ayt-fizik-kuvvet-ve-denge	ayt-fizik-kuvvet-ve-denge-agirlik-merkezi
13.10.2026	5	Konu & Soru	TYT	Türkçe	tyt-turkce-dil-bilgisi	tyt-turkce-dil-bilgisi-zarf-belirtec
14.10.2026	1	Konu & Soru	TYT	Matematik	tyt-matematik-ucgenler	tyt-matematik-ucgenler-ucgende-alan
14.10.2026	1	Konu & Soru	TYT	Matematik	tyt-matematik-dortgenler-ve-cokgenler	tyt-matematik-dortgenler-ve-cokgenler-cokgenler
14.10.2026	2	Konu & Soru	TYT	Kimya	tyt-kimya-kimyasal-hesaplamalar	tyt-kimya-kimyasal-hesaplamalar-tepkime-denklemi-ve-tepkime-denklestirme
14.10.2026	2	Konu & Soru	TYT	Kimya	tyt-kimya-kimyasal-hesaplamalar	tyt-kimya-kimyasal-hesaplamalar-yanma-tepkimeleri
14.10.2026	2	Konu & Soru	TYT	Kimya	tyt-kimya-kimyasal-hesaplamalar	tyt-kimya-kimyasal-hesaplamalar-asit-baz-notrallesme-tepkimeleri
14.10.2026	2	Konu & Soru	TYT	Kimya	tyt-kimya-kimyasal-hesaplamalar	tyt-kimya-kimyasal-hesaplamalar-analiz-sentez-ve-cozunme-cokelme-tepkimeleri
14.10.2026	3	Konu & Soru	AYT	Matematik	ayt-matematik-trigonometri	ayt-matematik-trigonometri-trigonometri
14.10.2026	4	Konu & Soru	AYT	Kimya	ayt-kimya-kimyasal-tepkimelerde-denge	ayt-kimya-kimyasal-tepkimelerde-denge-asit-baz-tanimlari-ve-genel-ozellikleri
14.10.2026	4	Konu & Soru	AYT	Kimya	ayt-kimya-kimyasal-tepkimelerde-denge	ayt-kimya-kimyasal-tepkimelerde-denge-suyun-otoiyonizasyonu-ph-ve-poh-kavramlari
14.10.2026	4	Konu & Soru	AYT	Kimya	ayt-kimya-kimyasal-tepkimelerde-denge	ayt-kimya-kimyasal-tepkimelerde-denge-notrallesme-ve-titrasyon
14.10.2026	4	Konu & Soru	AYT	Kimya	ayt-kimya-kimyasal-tepkimelerde-denge	ayt-kimya-kimyasal-tepkimelerde-denge-zayif-asit-ve-bazlar
14.10.2026	5	Konu & Soru	TYT	Türkçe	tyt-turkce-dil-bilgisi	tyt-turkce-dil-bilgisi-edat-baglac-unlem
15.10.2026	1	Konu & Soru	TYT	Matematik	tyt-matematik-dortgenler-ve-cokgenler	tyt-matematik-dortgenler-ve-cokgenler-dortgenler
15.10.2026	1	Konu & Soru	TYT	Matematik	tyt-matematik-dortgenler-ve-cokgenler	tyt-matematik-dortgenler-ve-cokgenler-yamuk
15.10.2026	2	Konu & Soru	TYT	Fizik	tyt-fizik-is-guc-enerji	tyt-fizik-is-guc-enerji-enerjinin-korunumu
15.10.2026	2	Konu & Soru	TYT	Fizik	tyt-fizik-is-guc-enerji	tyt-fizik-is-guc-enerji-enerji-kaynaklari
15.10.2026	2	Konu & Soru	TYT	Fizik	tyt-fizik-elektrik-ve-manyetizma	tyt-fizik-elektrik-ve-manyetizma-elektrostatik
15.10.2026	2	Konu & Soru	TYT	Fizik	tyt-fizik-elektrik-ve-manyetizma	tyt-fizik-elektrik-ve-manyetizma-direnc-ve-direnclerin-baglanmasi
15.10.2026	3	Konu & Soru	AYT	Matematik	ayt-matematik-cokgenler-ve-dortgenler	ayt-matematik-cokgenler-ve-dortgenler-cokgenler
15.10.2026	4	Konu & Soru	AYT	Fizik	ayt-fizik-kuvvet-ve-denge	ayt-fizik-kuvvet-ve-denge-basit-makineler
15.10.2026	4	Konu & Soru	AYT	Fizik	ayt-fizik-kuvvet-ve-denge	ayt-fizik-kuvvet-ve-denge-gundelik-hayatta-fizik
15.10.2026	4	Konu & Soru	AYT	Fizik	ayt-fizik-dinamik-ve-enerji	ayt-fizik-dinamik-ve-enerji-newtonun-hareket-yasalari
15.10.2026	4	Konu & Soru	AYT	Fizik	ayt-fizik-dinamik-ve-enerji	ayt-fizik-dinamik-ve-enerji-is-guc-ve-enerji-kavramlari
15.10.2026	5	Konu & Soru	TYT	Türkçe	tyt-turkce-dil-bilgisi	tyt-turkce-dil-bilgisi-eylemler-fiiller
16.10.2026	1	Konu & Soru	TYT	Matematik	tyt-matematik-dortgenler-ve-cokgenler	tyt-matematik-dortgenler-ve-cokgenler-paralelkenar
16.10.2026	1	Konu & Soru	TYT	Matematik	tyt-matematik-dortgenler-ve-cokgenler	tyt-matematik-dortgenler-ve-cokgenler-eskenar-dortgen
16.10.2026	2	Konu & Soru	TYT	Kimya	tyt-kimya-kimyasal-hesaplamalar	tyt-kimya-kimyasal-hesaplamalar-tepkime-denkleminde-mollu-gecis-problemleri
16.10.2026	2	Konu & Soru	TYT	Kimya	tyt-kimya-kimyasal-hesaplamalar	tyt-kimya-kimyasal-hesaplamalar-sinirlayici-bilesen-verim-ve-artan-madde-problemleri
16.10.2026	2	Konu & Soru	TYT	Kimya	tyt-kimya-kimyasal-hesaplamalar	tyt-kimya-kimyasal-hesaplamalar-saflik-karisim-formul-bulma-problemleri
16.10.2026	2	Konu & Soru	TYT	Kimya	tyt-kimya-karisimlar	tyt-kimya-karisimlar-homojen-heterojen-karisimlar-ve-cozunme-sureci
16.10.2026	3	Konu & Soru	AYT	Matematik	ayt-matematik-cokgenler-ve-dortgenler	ayt-matematik-cokgenler-ve-dortgenler-dortgenler
16.10.2026	4	Konu & Soru	AYT	Kimya	ayt-kimya-kimyasal-tepkimelerde-denge	ayt-kimya-kimyasal-tepkimelerde-denge-tampon-cozeltiler-ve-hidroliz
16.10.2026	4	Konu & Soru	AYT	Kimya	ayt-kimya-kimyasal-tepkimelerde-denge	ayt-kimya-kimyasal-tepkimelerde-denge-cozunurluk-carpimi-kcc
16.10.2026	4	Konu & Soru	AYT	Kimya	ayt-kimya-kimyasal-tepkimelerde-denge	ayt-kimya-kimyasal-tepkimelerde-denge-cozunurlugu-etkileyen-faktorler
16.10.2026	4	Konu & Soru	AYT	Kimya	ayt-kimya-kimya-ve-elektrik	ayt-kimya-kimya-ve-elektrik-redoks-tepkimeleri
16.10.2026	5	Konu & Soru	TYT	Türkçe	tyt-turkce-dil-bilgisi	tyt-turkce-dil-bilgisi-ek-eylem-ek-fiil
19.10.2026	1	Konu & Soru	TYT	Matematik	tyt-matematik-dortgenler-ve-cokgenler	tyt-matematik-dortgenler-ve-cokgenler-dikdortgen
19.10.2026	1	Konu & Soru	TYT	Matematik	tyt-matematik-dortgenler-ve-cokgenler	tyt-matematik-dortgenler-ve-cokgenler-kare
19.10.2026	2	Konu & Soru	TYT	Fizik	tyt-fizik-elektrik-ve-manyetizma	tyt-fizik-elektrik-ve-manyetizma-elektrik-akimi-ve-potansiyel-fark
19.10.2026	2	Konu & Soru	TYT	Fizik	tyt-fizik-elektrik-ve-manyetizma	tyt-fizik-elektrik-ve-manyetizma-uretecler
19.10.2026	2	Konu & Soru	TYT	Fizik	tyt-fizik-elektrik-ve-manyetizma	tyt-fizik-elektrik-ve-manyetizma-elektrik-enerjisi-ve-guc
19.10.2026	2	Konu & Soru	TYT	Fizik	tyt-fizik-elektrik-ve-manyetizma	tyt-fizik-elektrik-ve-manyetizma-lambali-devreler
19.10.2026	3	Konu & Soru	AYT	Matematik	ayt-matematik-cokgenler-ve-dortgenler	ayt-matematik-cokgenler-ve-dortgenler-paralelkenar
19.10.2026	4	Konu & Soru	AYT	Fizik	ayt-fizik-dinamik-ve-enerji	ayt-fizik-dinamik-ve-enerji-mekanik-enerji-korunumu
19.10.2026	4	Konu & Soru	AYT	Fizik	ayt-fizik-dinamik-ve-enerji	ayt-fizik-dinamik-ve-enerji-mekanik-enerjisi-korunmayan-sistemler
19.10.2026	4	Konu & Soru	AYT	Fizik	ayt-fizik-dinamik-ve-enerji	ayt-fizik-dinamik-ve-enerji-yayda-depolanan-enerji
19.10.2026	4	Konu & Soru	AYT	Fizik	ayt-fizik-dinamik-ve-enerji	ayt-fizik-dinamik-ve-enerji-itme-ve-cizgisel-momentum
19.10.2026	5	Konu & Soru	TYT	Türkçe	tyt-turkce-dil-bilgisi	tyt-turkce-dil-bilgisi-eylemsi-fiilimsi
20.10.2026	1	Konu & Soru	TYT	Matematik	tyt-matematik-dortgenler-ve-cokgenler	tyt-matematik-dortgenler-ve-cokgenler-deltoid-ve-dortgenlerin-siniflandirilmasi
20.10.2026	1	Konu & Soru	TYT	Matematik	tyt-matematik-cemberler	tyt-matematik-cemberler-cemberde-acilar
20.10.2026	2	Konu & Soru	TYT	Kimya	tyt-kimya-karisimlar	tyt-kimya-karisimlar-kutlece-yuzde-derisim
20.10.2026	2	Konu & Soru	TYT	Kimya	tyt-kimya-karisimlar	tyt-kimya-karisimlar-derisim-cesitleri-ve-ppm-kavrami
20.10.2026	2	Konu & Soru	TYT	Kimya	tyt-kimya-karisimlar	tyt-kimya-karisimlar-koligatif-ozellikler
20.10.2026	2	Konu & Soru	TYT	Kimya	tyt-kimya-karisimlar	tyt-kimya-karisimlar-tanecik-boyutu-farkiyla-ayirma
20.10.2026	3	Konu & Soru	AYT	Matematik	ayt-matematik-cokgenler-ve-dortgenler	ayt-matematik-cokgenler-ve-dortgenler-yamuk
20.10.2026	4	Konu & Soru	AYT	Kimya	ayt-kimya-kimya-ve-elektrik	ayt-kimya-kimya-ve-elektrik-redoks-tepkimeleri-ve-aktiflik
20.10.2026	4	Konu & Soru	AYT	Kimya	ayt-kimya-kimya-ve-elektrik	ayt-kimya-kimya-ve-elektrik-yari-pil-potansiyelleri-ve-aktiflik
20.10.2026	4	Konu & Soru	AYT	Kimya	ayt-kimya-kimya-ve-elektrik	ayt-kimya-kimya-ve-elektrik-elektrokimyasal-piller
20.10.2026	4	Konu & Soru	AYT	Kimya	ayt-kimya-kimya-ve-elektrik	ayt-kimya-kimya-ve-elektrik-elektroliz-ve-faraday-kanunlari
20.10.2026	5	Konu & Soru	TYT	Türkçe	tyt-turkce-dil-bilgisi	tyt-turkce-dil-bilgisi-cumlenin-ogeleri
21.10.2026	1	Konu & Soru	TYT	Matematik	tyt-matematik-cemberler	tyt-matematik-cemberler-cemberde-uzunluk
21.10.2026	1	Konu & Soru	TYT	Matematik	tyt-matematik-cemberler	tyt-matematik-cemberler-dairede-alan
21.10.2026	2	Konu & Soru	TYT	Fizik	tyt-fizik-elektrik-ve-manyetizma	tyt-fizik-elektrik-ve-manyetizma-miknatislar
21.10.2026	2	Konu & Soru	TYT	Fizik	tyt-fizik-elektrik-ve-manyetizma	tyt-fizik-elektrik-ve-manyetizma-akim-manyetik-alan-iliskisi
21.10.2026	2	Konu & Soru	TYT	Fizik	tyt-fizik-optik	tyt-fizik-optik-aydinlanma
21.10.2026	2	Konu & Soru	TYT	Fizik	tyt-fizik-optik	tyt-fizik-optik-golge-olusumu
21.10.2026	3	Konu & Soru	AYT	Matematik	ayt-matematik-cokgenler-ve-dortgenler	ayt-matematik-cokgenler-ve-dortgenler-eskenar-dortgen
21.10.2026	4	Konu & Soru	AYT	Fizik	ayt-fizik-cembersel-ve-harmonik-hareket	ayt-fizik-cembersel-ve-harmonik-hareket-duzgun-cembersel-hareket
21.10.2026	4	Konu & Soru	AYT	Fizik	ayt-fizik-cembersel-ve-harmonik-hareket	ayt-fizik-cembersel-ve-harmonik-hareket-acisal-momentum
21.10.2026	4	Konu & Soru	AYT	Fizik	ayt-fizik-cembersel-ve-harmonik-hareket	ayt-fizik-cembersel-ve-harmonik-hareket-kutle-cekim-kuvveti-ve-kepler-yasalari
21.10.2026	4	Konu & Soru	AYT	Fizik	ayt-fizik-cembersel-ve-harmonik-hareket	ayt-fizik-cembersel-ve-harmonik-hareket-basit-harmonik-hareket
21.10.2026	5	Konu & Soru	TYT	Türkçe	tyt-turkce-dil-bilgisi	tyt-turkce-dil-bilgisi-fiilde-cati
22.10.2026	1	Konu & Soru	TYT	Matematik	tyt-matematik-kati-cisimler	tyt-matematik-kati-cisimler-kati-cisimler
22.10.2026	1	Konu & Soru	TYT	Matematik	tyt-matematik-analitik-geometri	tyt-matematik-analitik-geometri-noktanin-analitik-incelenmesi
22.10.2026	2	Konu & Soru	TYT	Kimya	tyt-kimya-karisimlar	tyt-kimya-karisimlar-yogunluk-farkiyla-ayirma
22.10.2026	2	Konu & Soru	TYT	Kimya	tyt-kimya-karisimlar	tyt-kimya-karisimlar-cozunurluk-farkiyla-ayirma
22.10.2026	2	Konu & Soru	TYT	Kimya	tyt-kimya-karisimlar	tyt-kimya-karisimlar-kaynama-noktasi-farkiyla-ayirma
22.10.2026	2	Konu & Soru	TYT	Kimya	tyt-kimya-asitler-bazlar-ve-tuzlar	tyt-kimya-asitler-bazlar-ve-tuzlar-asitler-bazlar-ve-ozellikleri
22.10.2026	3	Konu & Soru	AYT	Matematik	ayt-matematik-cokgenler-ve-dortgenler	ayt-matematik-cokgenler-ve-dortgenler-dikdortgen
22.10.2026	4	Konu & Soru	AYT	Kimya	ayt-kimya-karbon-kimyasina-giris	ayt-kimya-karbon-kimyasina-giris-organik-bilesikler-ve-formul-bulma
22.10.2026	4	Konu & Soru	AYT	Kimya	ayt-kimya-karbon-kimyasina-giris	ayt-kimya-karbon-kimyasina-giris-dogada-karbon
22.10.2026	4	Konu & Soru	AYT	Kimya	ayt-kimya-karbon-kimyasina-giris	ayt-kimya-karbon-kimyasina-giris-kovalent-turlerde-lewis-formulleri
22.10.2026	4	Konu & Soru	AYT	Kimya	ayt-kimya-karbon-kimyasina-giris	ayt-kimya-karbon-kimyasina-giris-hibritlesme-ve-molekul-geometrileri
22.10.2026	5	Konu & Soru	TYT	Türkçe	tyt-turkce-dil-bilgisi	tyt-turkce-dil-bilgisi-cumle-turleri
23.10.2026	1	Konu & Soru	TYT	Matematik	tyt-matematik-analitik-geometri	tyt-matematik-analitik-geometri-dogrunun-analitik-incelenmesi
23.10.2026	2	Konu & Soru	TYT	Fizik	tyt-fizik-optik	tyt-fizik-optik-duzlem-aynalar
23.10.2026	2	Konu & Soru	TYT	Fizik	tyt-fizik-optik	tyt-fizik-optik-kuresel-aynalar
23.10.2026	2	Konu & Soru	TYT	Fizik	tyt-fizik-optik	tyt-fizik-optik-kirilma
23.10.2026	2	Konu & Soru	TYT	Fizik	tyt-fizik-optik	tyt-fizik-optik-renkler
23.10.2026	3	Konu & Soru	AYT	Matematik	ayt-matematik-cokgenler-ve-dortgenler	ayt-matematik-cokgenler-ve-dortgenler-kare
23.10.2026	4	Konu & Soru	AYT	Fizik	ayt-fizik-elektriksel-alan-ve-potansiyel	ayt-fizik-elektriksel-alan-ve-potansiyel-elektriksel-kuvvet-ve-elektriksel-alan
23.10.2026	4	Konu & Soru	AYT	Fizik	ayt-fizik-elektriksel-alan-ve-potansiyel	ayt-fizik-elektriksel-alan-ve-potansiyel-elektriksel-potansiyel-enerji
23.10.2026	4	Konu & Soru	AYT	Fizik	ayt-fizik-elektriksel-alan-ve-potansiyel	ayt-fizik-elektriksel-alan-ve-potansiyel-elektriksel-potansiyel
23.10.2026	4	Konu & Soru	AYT	Fizik	ayt-fizik-elektriksel-alan-ve-potansiyel	ayt-fizik-elektriksel-alan-ve-potansiyel-paralel-levhalar
23.10.2026	5	Konu & Soru	TYT	Türkçe	tyt-turkce-ses-yazim-noktalama-ve-anlatim-bozuklugu	tyt-turkce-ses-yazim-noktalama-ve-anlatim-bozuklugu-ses-bilgisi
26.10.2026	2	Konu & Soru	TYT	Kimya	tyt-kimya-asitler-bazlar-ve-tuzlar	tyt-kimya-asitler-bazlar-ve-tuzlar-notrallesme-tepkimeleri
26.10.2026	2	Konu & Soru	TYT	Kimya	tyt-kimya-asitler-bazlar-ve-tuzlar	tyt-kimya-asitler-bazlar-ve-tuzlar-ph-ve-poh-kavramlari-asit-baz-indikatorleri
26.10.2026	2	Konu & Soru	TYT	Kimya	tyt-kimya-asitler-bazlar-ve-tuzlar	tyt-kimya-asitler-bazlar-ve-tuzlar-asitler-ve-bazlarin-metallerle-tepkimeleri
26.10.2026	2	Konu & Soru	TYT	Kimya	tyt-kimya-asitler-bazlar-ve-tuzlar	tyt-kimya-asitler-bazlar-ve-tuzlar-yaygin-asit-ve-bazlarin-kullanim-alanlari
26.10.2026	3	Konu & Soru	AYT	Matematik	ayt-matematik-cokgenler-ve-dortgenler	ayt-matematik-cokgenler-ve-dortgenler-deltoid-ve-dortgenlerin-siniflandirilmasi
26.10.2026	4	Konu & Soru	AYT	Kimya	ayt-kimya-organik-bilesikler	ayt-kimya-organik-bilesikler-organik-bilesiklerin-siniflandirilmasi
26.10.2026	4	Konu & Soru	AYT	Kimya	ayt-kimya-organik-bilesikler	ayt-kimya-organik-bilesikler-alkanlarin-adlandirilmasi
26.10.2026	4	Konu & Soru	AYT	Kimya	ayt-kimya-organik-bilesikler	ayt-kimya-organik-bilesikler-alkanlarin-ozellikleri-ve-kullanim-alanlari
26.10.2026	4	Konu & Soru	AYT	Kimya	ayt-kimya-organik-bilesikler	ayt-kimya-organik-bilesikler-alkenlerin-adlandirilmasi-ve-ozellikleri
26.10.2026	5	Konu & Soru	TYT	Türkçe	tyt-turkce-ses-yazim-noktalama-ve-anlatim-bozuklugu	tyt-turkce-ses-yazim-noktalama-ve-anlatim-bozuklugu-yazim-kurallari
27.10.2026	2	Konu & Soru	TYT	Fizik	tyt-fizik-optik	tyt-fizik-optik-mercekler
27.10.2026	2	Konu & Soru	TYT	Fizik	tyt-fizik-dalgalar	tyt-fizik-dalgalar-dalgalarin-genel-ozellikleri
27.10.2026	2	Konu & Soru	TYT	Fizik	tyt-fizik-dalgalar	tyt-fizik-dalgalar-ses-dalgalari
27.10.2026	2	Konu & Soru	TYT	Fizik	tyt-fizik-dalgalar	tyt-fizik-dalgalar-yay-dalgalari
27.10.2026	3	Konu & Soru	AYT	Matematik	ayt-matematik-cemberler	ayt-matematik-cemberler-cemberde-aci
27.10.2026	4	Konu & Soru	AYT	Fizik	ayt-fizik-elektriksel-alan-ve-potansiyel	ayt-fizik-elektriksel-alan-ve-potansiyel-sigaclar
27.10.2026	4	Konu & Soru	AYT	Fizik	ayt-fizik-elektriksel-alan-ve-potansiyel	ayt-fizik-elektriksel-alan-ve-potansiyel-elektrik-karma
27.10.2026	4	Konu & Soru	AYT	Fizik	ayt-fizik-manyetizma-ve-induksiyon	ayt-fizik-manyetizma-ve-induksiyon-manyetik-alan
27.10.2026	4	Konu & Soru	AYT	Fizik	ayt-fizik-manyetizma-ve-induksiyon	ayt-fizik-manyetizma-ve-induksiyon-manyetik-kuvvet
27.10.2026	5	Konu & Soru	TYT	Türkçe	tyt-turkce-ses-yazim-noktalama-ve-anlatim-bozuklugu	tyt-turkce-ses-yazim-noktalama-ve-anlatim-bozuklugu-noktalama-isaretleri
28.10.2026	2	Konu & Soru	TYT	Kimya	tyt-kimya-asitler-bazlar-ve-tuzlar	tyt-kimya-asitler-bazlar-ve-tuzlar-asit-ve-bazlarin-fayda-ve-zararlari
28.10.2026	2	Konu & Soru	TYT	Kimya	tyt-kimya-asitler-bazlar-ve-tuzlar	tyt-kimya-asitler-bazlar-ve-tuzlar-tuzlar
28.10.2026	2	Konu & Soru	TYT	Kimya	tyt-kimya-kimya-her-yerde	tyt-kimya-kimya-her-yerde-temizlik-malzemeleri
28.10.2026	2	Konu & Soru	TYT	Kimya	tyt-kimya-kimya-her-yerde	tyt-kimya-kimya-her-yerde-polimerler
28.10.2026	3	Konu & Soru	AYT	Matematik	ayt-matematik-cemberler	ayt-matematik-cemberler-cemberde-uzunluk
28.10.2026	4	Konu & Soru	AYT	Kimya	ayt-kimya-organik-bilesikler	ayt-kimya-organik-bilesikler-alkenlerin-fiziksel-ve-kimyasal-ozellikleri
28.10.2026	4	Konu & Soru	AYT	Kimya	ayt-kimya-organik-bilesikler	ayt-kimya-organik-bilesikler-alkinler
28.10.2026	4	Konu & Soru	AYT	Kimya	ayt-kimya-organik-bilesikler	ayt-kimya-organik-bilesikler-asetilen-ve-kullanim-alanlari
28.10.2026	4	Konu & Soru	AYT	Kimya	ayt-kimya-organik-bilesikler	ayt-kimya-organik-bilesikler-hidrokarbonlarda-izomerlik
28.10.2026	5	Konu & Soru	TYT	Türkçe	tyt-turkce-ses-yazim-noktalama-ve-anlatim-bozuklugu	tyt-turkce-ses-yazim-noktalama-ve-anlatim-bozuklugu-sozcuk-duzeyinde-anlatim-bozukluklari
29.10.2026	2	Konu & Soru	TYT	Fizik	tyt-fizik-dalgalar	tyt-fizik-dalgalar-su-dalgalari
29.10.2026	3	Konu & Soru	AYT	Matematik	ayt-matematik-cemberler	ayt-matematik-cemberler-dairede-alan
29.10.2026	4	Konu & Soru	AYT	Fizik	ayt-fizik-manyetizma-ve-induksiyon	ayt-fizik-manyetizma-ve-induksiyon-yuklu-parcaciklarin-manyetik-alandaki-hareketi
29.10.2026	4	Konu & Soru	AYT	Fizik	ayt-fizik-manyetizma-ve-induksiyon	ayt-fizik-manyetizma-ve-induksiyon-elektromanyetik-induksiyon
29.10.2026	4	Konu & Soru	AYT	Fizik	ayt-fizik-manyetizma-ve-induksiyon	ayt-fizik-manyetizma-ve-induksiyon-alternatif-akim
29.10.2026	4	Konu & Soru	AYT	Fizik	ayt-fizik-manyetizma-ve-induksiyon	ayt-fizik-manyetizma-ve-induksiyon-transformatorler
29.10.2026	5	Konu & Soru	TYT	Türkçe	tyt-turkce-ses-yazim-noktalama-ve-anlatim-bozuklugu	tyt-turkce-ses-yazim-noktalama-ve-anlatim-bozuklugu-cumle-duzeyinde-anlatim-bozukluklari
30.10.2026	2	Konu & Soru	TYT	Kimya	tyt-kimya-kimya-her-yerde	tyt-kimya-kimya-her-yerde-kozmetikler-ve-ilaclar
30.10.2026	2	Konu & Soru	TYT	Kimya	tyt-kimya-kimya-her-yerde	tyt-kimya-kimya-her-yerde-hazir-gidalar
30.10.2026	2	Konu & Soru	TYT	Kimya	tyt-kimya-kimya-her-yerde	tyt-kimya-kimya-her-yerde-yenilebilir-yag-turleri
30.10.2026	2	Konu & Soru	TYT	Kimya	tyt-kimya-beceri-temelli-yeni-nesil-sorular	tyt-kimya-beceri-temelli-yeni-nesil-sorular-beceri-temelli-yeni-nesil-sorular
30.10.2026	3	Konu & Soru	AYT	Matematik	ayt-matematik-analitik-geometri	ayt-matematik-analitik-geometri-noktanin-analitik-incelenmesi
30.10.2026	4	Konu & Soru	AYT	Kimya	ayt-kimya-organik-bilesikler	ayt-kimya-organik-bilesikler-aromatik-bilesiklerin-adlandirilmasi-ve-ozellikleri
30.10.2026	4	Konu & Soru	AYT	Kimya	ayt-kimya-organik-bilesikler	ayt-kimya-organik-bilesikler-alkollerin-siniflandirilmasi-ve-adlandirilmasi
30.10.2026	4	Konu & Soru	AYT	Kimya	ayt-kimya-organik-bilesikler	ayt-kimya-organik-bilesikler-alkollerin-ozellikleri-ve-etanol-eldesi
30.10.2026	4	Konu & Soru	AYT	Kimya	ayt-kimya-organik-bilesikler	ayt-kimya-organik-bilesikler-eterlerin-siniflandirilmasi-ve-adlandirilmasi
30.10.2026	5	Konu & Soru	TYT	Türkçe	tyt-turkce-iletisim-ve-metin-bilgisi	tyt-turkce-iletisim-ve-metin-bilgisi-iletisim-dilin-islevleri-dilin-kullanimindan-dogan-turleri
02.11.2026	3	Konu & Soru	AYT	Matematik	ayt-matematik-analitik-geometri	ayt-matematik-analitik-geometri-dogrunun-analitik-incelenmesi
02.11.2026	4	Konu & Soru	AYT	Fizik	ayt-fizik-dalga-mekanigi	ayt-fizik-dalga-mekanigi-su-dalgalarinda-kirinim
02.11.2026	4	Konu & Soru	AYT	Fizik	ayt-fizik-dalga-mekanigi	ayt-fizik-dalga-mekanigi-su-dalgalarinda-girisim
02.11.2026	4	Konu & Soru	AYT	Fizik	ayt-fizik-dalga-mekanigi	ayt-fizik-dalga-mekanigi-isigin-tek-yarikta-kirinimi-ve-cift-yarikta-girisimi
02.11.2026	4	Konu & Soru	AYT	Fizik	ayt-fizik-dalga-mekanigi	ayt-fizik-dalga-mekanigi-doppler-olayi
02.11.2026	5	Konu & Soru	TYT	Türkçe	tyt-turkce-iletisim-ve-metin-bilgisi	tyt-turkce-iletisim-ve-metin-bilgisi-metin-inceleme
03.11.2026	3	Konu & Soru	AYT	Matematik	ayt-matematik-analitik-geometri	ayt-matematik-analitik-geometri-donusumlerle-geoemetri
03.11.2026	4	Konu & Soru	AYT	Kimya	ayt-kimya-organik-bilesikler	ayt-kimya-organik-bilesikler-eterlerin-ozellikleri
03.11.2026	4	Konu & Soru	AYT	Kimya	ayt-kimya-organik-bilesikler	ayt-kimya-organik-bilesikler-karbonilli-bilesikler
03.11.2026	4	Konu & Soru	AYT	Kimya	ayt-kimya-organik-bilesikler	ayt-kimya-organik-bilesikler-karbonil-bilesiklerinin-ozellikleri
03.11.2026	4	Konu & Soru	AYT	Kimya	ayt-kimya-organik-bilesikler	ayt-kimya-organik-bilesikler-karboksilik-asitler
03.11.2026	5	Konu & Soru	TYT	Türkçe	tyt-turkce-yeni-nesil-sorular	tyt-turkce-yeni-nesil-sorular-beceri-temelli-yeni-nesil-sorular
04.11.2026	3	Konu & Soru	AYT	Matematik	ayt-matematik-analitik-geometri	ayt-matematik-analitik-geometri-cemberin-analitik-incelenmesi
04.11.2026	4	Konu & Soru	AYT	Fizik	ayt-fizik-dalga-mekanigi	ayt-fizik-dalga-mekanigi-elektromanyetik-dalgalar
05.11.2026	3	Konu & Soru	AYT	Matematik	ayt-matematik-uzay-geometrisi-ve-kati-cisimler	ayt-matematik-uzay-geometrisi-ve-kati-cisimler-uzay-geometrisi-ve-kati-cisimler
05.11.2026	4	Konu & Soru	AYT	Kimya	ayt-kimya-organik-bilesikler	ayt-kimya-organik-bilesikler-esterler
05.11.2026	4	Konu & Soru	AYT	Kimya	ayt-kimya-organik-bilesikler	ayt-kimya-organik-bilesikler-fonksiyonel-gruplarda-izomerlik
05.11.2026	4	Konu & Soru	AYT	Kimya	ayt-kimya-enerji-kaynaklari-ve-bilimsel-gelismeler	ayt-kimya-enerji-kaynaklari-ve-bilimsel-gelismeler-fosil-yakitlar
05.11.2026	4	Konu & Soru	AYT	Kimya	ayt-kimya-enerji-kaynaklari-ve-bilimsel-gelismeler	ayt-kimya-enerji-kaynaklari-ve-bilimsel-gelismeler-alternatif-enerji-kaynaklari
06.11.2026	4	Konu & Soru	AYT	Kimya	ayt-kimya-enerji-kaynaklari-ve-bilimsel-gelismeler	ayt-kimya-enerji-kaynaklari-ve-bilimsel-gelismeler-surdurulebilirlik-ve-nanoteknoloji
